{"name":"Qure Dark (All)","icons":[{"name":"5iTV.png","url":"https://raw.githubusercontent.com/Koolson/Qure/master/IconSet/Dark/5iTV.png"},{"name":"aaex.png","url":"https://raw.githubusercontent.com/Koolson/Qure/master/IconSet/Dark/aaex.png"},{"name":"AbemaTV.png","url":"https://raw.githubusercontent.com/Koolson/Qure/master/IconSet/Dark/AbemaTV.png"},{"name":"AbemaTV_Letter.png","url":"https://raw.githubusercontent.com/Koolson/Qure/master/IconSet/Dark/AbemaTV_Letter.png"},{"name":"AdBlack.png","url":"https://raw.githubusercontent.com/Koolson/Qure/master/IconSet/Dark/AdBlack.png"},{"name":"Advertising.png","url":"https://raw.githubusercontent.com/Koolson/Qure/master/IconSet/Dark/Advertising.png"},{"name":"AdWhite.png","url":"https://raw.githubusercontent.com/Koolson/Qure/master/IconSet/Dark/AdWhite.png"},{"name":"AIA.png","url":"https://raw.githubusercontent.com/Koolson/Qure/master/IconSet/Dark/AIA.png"},{"name":"AIA_Letter.png","url":"https://raw.githubusercontent.com/Koolson/Qure/master/IconSet/Dark/AIA_Letter.png"},{"name":"Airport.png","url":"https://raw.githubusercontent.com/Koolson/Qure/master/IconSet/Dark/Airport.png"},{"name":"Alibaba.png","url":"https://raw.githubusercontent.com/Koolson/Qure/master/IconSet/Dark/Alibaba.png"},{"name":"Alibaba_Cloud.png","url":"https://raw.githubusercontent.com/Koolson/Qure/master/IconSet/Dark/Alibaba_Cloud.png"},{"name":"All4.png","url":"https://raw.githubusercontent.com/Koolson/Qure/master/IconSet/Dark/All4.png"},{"name":"AmyTelecom.png","url":"https://raw.githubusercontent.com/Koolson/Qure/master/IconSet/Dark/AmyTelecom.png"},{"name":"Apol.png","url":"https://raw.githubusercontent.com/Koolson/Qure/master/IconSet/Dark/Apol.png"},{"name":"Apple.png","url":"https://raw.githubusercontent.com/Koolson/Qure/master/IconSet/Dark/Apple.png"},{"name":"Apple_Fitness+.png","url":"https://raw.githubusercontent.com/Koolson/Qure/master/IconSet/Dark/Apple_Fitness+.png"},{"name":"Apple_Fitness.png","url":"https://raw.githubusercontent.com/Koolson/Qure/master/IconSet/Dark/Apple_Fitness.png"},{"name":"Apple_Mail.png","url":"https://raw.githubusercontent.com/Koolson/Qure/master/IconSet/Dark/Apple_Mail.png"},{"name":"Apple_Music.png","url":"https://raw.githubusercontent.com/Koolson/Qure/master/IconSet/Dark/Apple_Music.png"},{"name":"Apple_News.png","url":"https://raw.githubusercontent.com/Koolson/Qure/master/IconSet/Dark/Apple_News.png"},{"name":"Apple_TV.png","url":"https://raw.githubusercontent.com/Koolson/Qure/master/IconSet/Dark/Apple_TV.png"},{"name":"Apple_TV_Plus.png","url":"https://raw.githubusercontent.com/Koolson/Qure/master/IconSet/Dark/Apple_TV_Plus.png"},{"name":"Apple_Update.png","url":"https://raw.githubusercontent.com/Koolson/Qure/master/IconSet/Dark/Apple_Update.png"},{"name":"App_Store.png","url":"https://raw.githubusercontent.com/Koolson/Qure/master/IconSet/Dark/App_Store.png"},{"name":"Area.png","url":"https://raw.githubusercontent.com/Koolson/Qure/master/IconSet/Dark/Area.png"},{"name":"ARK.png","url":"https://raw.githubusercontent.com/Koolson/Qure/master/IconSet/Dark/ARK.png"},{"name":"Auto.png","url":"https://raw.githubusercontent.com/Koolson/Qure/master/IconSet/Dark/Auto.png"},{"name":"Available.png","url":"https://raw.githubusercontent.com/Koolson/Qure/master/IconSet/Dark/Available.png"},{"name":"Available_Alt.png","url":"https://raw.githubusercontent.com/Koolson/Qure/master/IconSet/Dark/Available_Alt.png"},{"name":"AWS.png","url":"https://raw.githubusercontent.com/Koolson/Qure/master/IconSet/Dark/AWS.png"},{"name":"Azure.png","url":"https://raw.githubusercontent.com/Koolson/Qure/master/IconSet/Dark/Azure.png"},{"name":"Back.png","url":"https://raw.githubusercontent.com/Koolson/Qure/master/IconSet/Dark/Back.png"},{"name":"Bahamut.png","url":"https://raw.githubusercontent.com/Koolson/Qure/master/IconSet/Dark/Bahamut.png"},{"name":"Baidu_Cloud.png","url":"https://raw.githubusercontent.com/Koolson/Qure/master/IconSet/Dark/Baidu_Cloud.png"},{"name":"BBC_iPlayer.png","url":"https://raw.githubusercontent.com/Koolson/Qure/master/IconSet/Dark/BBC_iPlayer.png"},{"name":"BBTEC.png","url":"https://raw.githubusercontent.com/Koolson/Qure/master/IconSet/Dark/BBTEC.png"},{"name":"BGP.png","url":"https://raw.githubusercontent.com/Koolson/Qure/master/IconSet/Dark/BGP.png"},{"name":"bilibili.png","url":"https://raw.githubusercontent.com/Koolson/Qure/master/IconSet/Dark/bilibili.png"},{"name":"Blinkload.png","url":"https://raw.githubusercontent.com/Koolson/Qure/master/IconSet/Dark/Blinkload.png"},{"name":"Blinkload_B.png","url":"https://raw.githubusercontent.com/Koolson/Qure/master/IconSet/Dark/Blinkload_B.png"},{"name":"Blinkload_SS.png","url":"https://raw.githubusercontent.com/Koolson/Qure/master/IconSet/Dark/Blinkload_SS.png"},{"name":"Blinkload_V2Ray.png","url":"https://raw.githubusercontent.com/Koolson/Qure/master/IconSet/Dark/Blinkload_V2Ray.png"},{"name":"Bookpedia.png","url":"https://raw.githubusercontent.com/Koolson/Qure/master/IconSet/Dark/Bookpedia.png"},{"name":"BosLife.png","url":"https://raw.githubusercontent.com/Koolson/Qure/master/IconSet/Dark/BosLife.png"},{"name":"BosLife_Letter.png","url":"https://raw.githubusercontent.com/Koolson/Qure/master/IconSet/Dark/BosLife_Letter.png"},{"name":"Bot.png","url":"https://raw.githubusercontent.com/Koolson/Qure/master/IconSet/Dark/Bot.png"},{"name":"Bypass.png","url":"https://raw.githubusercontent.com/Koolson/Qure/master/IconSet/Dark/Bypass.png"},{"name":"CA.png","url":"https://raw.githubusercontent.com/Koolson/Qure/master/IconSet/Dark/CA.png"},{"name":"Canada.png","url":"https://raw.githubusercontent.com/Koolson/Qure/master/IconSet/Dark/Canada.png"},{"name":"CCCAT.png","url":"https://raw.githubusercontent.com/Koolson/Qure/master/IconSet/Dark/CCCAT.png"},{"name":"CCCAT_C.png","url":"https://raw.githubusercontent.com/Koolson/Qure/master/IconSet/Dark/CCCAT_C.png"},{"name":"Cellular.png","url":"https://raw.githubusercontent.com/Koolson/Qure/master/IconSet/Dark/Cellular.png"},{"name":"CEN.png","url":"https://raw.githubusercontent.com/Koolson/Qure/master/IconSet/Dark/CEN.png"},{"name":"China.png","url":"https://raw.githubusercontent.com/Koolson/Qure/master/IconSet/Dark/China.png"},{"name":"China_Map.png","url":"https://raw.githubusercontent.com/Koolson/Qure/master/IconSet/Dark/China_Map.png"},{"name":"China_Telecom.png","url":"https://raw.githubusercontent.com/Koolson/Qure/master/IconSet/Dark/China_Telecom.png"},{"name":"China_Unicom.png","url":"https://raw.githubusercontent.com/Koolson/Qure/master/IconSet/Dark/China_Unicom.png"},{"name":"CHT.png","url":"https://raw.githubusercontent.com/Koolson/Qure/master/IconSet/Dark/CHT.png"},{"name":"Cloudflare.png","url":"https://raw.githubusercontent.com/Koolson/Qure/master/IconSet/Dark/Cloudflare.png"},{"name":"CMI.png","url":"https://raw.githubusercontent.com/Koolson/Qure/master/IconSet/Dark/CMI.png"},{"name":"CN.png","url":"https://raw.githubusercontent.com/Koolson/Qure/master/IconSet/Dark/CN.png"},{"name":"CN2.png","url":"https://raw.githubusercontent.com/Koolson/Qure/master/IconSet/Dark/CN2.png"},{"name":"CN2_GIA.png","url":"https://raw.githubusercontent.com/Koolson/Qure/master/IconSet/Dark/CN2_GIA.png"},{"name":"CN2_GT.png","url":"https://raw.githubusercontent.com/Koolson/Qure/master/IconSet/Dark/CN2_GT.png"},{"name":"CONAIR.png","url":"https://raw.githubusercontent.com/Koolson/Qure/master/IconSet/Dark/CONAIR.png"},{"name":"CrossWall.png","url":"https://raw.githubusercontent.com/Koolson/Qure/master/IconSet/Dark/CrossWall.png"},{"name":"CTM.png","url":"https://raw.githubusercontent.com/Koolson/Qure/master/IconSet/Dark/CTM.png"},{"name":"Cydia.png","url":"https://raw.githubusercontent.com/Koolson/Qure/master/IconSet/Dark/Cydia.png"},{"name":"Daily.png","url":"https://raw.githubusercontent.com/Koolson/Qure/master/IconSet/Dark/Daily.png"},{"name":"DAZN.png","url":"https://raw.githubusercontent.com/Koolson/Qure/master/IconSet/Dark/DAZN.png"},{"name":"DE.png","url":"https://raw.githubusercontent.com/Koolson/Qure/master/IconSet/Dark/DE.png"},{"name":"deezer.png","url":"https://raw.githubusercontent.com/Koolson/Qure/master/IconSet/Dark/deezer.png"},{"name":"deezer_Letter.png","url":"https://raw.githubusercontent.com/Koolson/Qure/master/IconSet/Dark/deezer_Letter.png"},{"name":"Dinosaur.png","url":"https://raw.githubusercontent.com/Koolson/Qure/master/IconSet/Dark/Dinosaur.png"},{"name":"Direct.png","url":"https://raw.githubusercontent.com/Koolson/Qure/master/IconSet/Dark/Direct.png"},{"name":"discovery+.png","url":"https://raw.githubusercontent.com/Koolson/Qure/master/IconSet/Dark/discovery+.png"},{"name":"Disney+.png","url":"https://raw.githubusercontent.com/Koolson/Qure/master/IconSet/Dark/Disney+.png"},{"name":"Dler.png","url":"https://raw.githubusercontent.com/Koolson/Qure/master/IconSet/Dark/Dler.png"},{"name":"DMIT.png","url":"https://raw.githubusercontent.com/Koolson/Qure/master/IconSet/Dark/DMIT.png"},{"name":"Domestic.png","url":"https://raw.githubusercontent.com/Koolson/Qure/master/IconSet/Dark/Domestic.png"},{"name":"DomesticMedia.png","url":"https://raw.githubusercontent.com/Koolson/Qure/master/IconSet/Dark/DomesticMedia.png"},{"name":"Download.png","url":"https://raw.githubusercontent.com/Koolson/Qure/master/IconSet/Dark/Download.png"},{"name":"Drill.png","url":"https://raw.githubusercontent.com/Koolson/Qure/master/IconSet/Dark/Drill.png"},{"name":"Emby.png","url":"https://raw.githubusercontent.com/Koolson/Qure/master/IconSet/Dark/Emby.png"},{"name":"encoreTVB.png","url":"https://raw.githubusercontent.com/Koolson/Qure/master/IconSet/Dark/encoreTVB.png"},{"name":"ESPN+.png","url":"https://raw.githubusercontent.com/Koolson/Qure/master/IconSet/Dark/ESPN+.png"},{"name":"EU.png","url":"https://raw.githubusercontent.com/Koolson/Qure/master/IconSet/Dark/EU.png"},{"name":"European_Union.png","url":"https://raw.githubusercontent.com/Koolson/Qure/master/IconSet/Dark/European_Union.png"},{"name":"Facebook.png","url":"https://raw.githubusercontent.com/Koolson/Qure/master/IconSet/Dark/Facebook.png"},{"name":"FI.png","url":"https://raw.githubusercontent.com/Koolson/Qure/master/IconSet/Dark/FI.png"},{"name":"Filter.png","url":"https://raw.githubusercontent.com/Koolson/Qure/master/IconSet/Dark/Filter.png"},{"name":"Final.png","url":"https://raw.githubusercontent.com/Koolson/Qure/master/IconSet/Dark/Final.png"},{"name":"Find_My.png","url":"https://raw.githubusercontent.com/Koolson/Qure/master/IconSet/Dark/Find_My.png"},{"name":"Flamingo.png","url":"https://raw.githubusercontent.com/Koolson/Qure/master/IconSet/Dark/Flamingo.png"},{"name":"ForeignMedia.png","url":"https://raw.githubusercontent.com/Koolson/Qure/master/IconSet/Dark/ForeignMedia.png"},{"name":"FOX.png","url":"https://raw.githubusercontent.com/Koolson/Qure/master/IconSet/Dark/FOX.png"},{"name":"friDay.png","url":"https://raw.githubusercontent.com/Koolson/Qure/master/IconSet/Dark/friDay.png"},{"name":"fuboTV.png","url":"https://raw.githubusercontent.com/Koolson/Qure/master/IconSet/Dark/fuboTV.png"},{"name":"G-Core_Labs.png","url":"https://raw.githubusercontent.com/Koolson/Qure/master/IconSet/Dark/G-Core_Labs.png"},{"name":"Game.png","url":"https://raw.githubusercontent.com/Koolson/Qure/master/IconSet/Dark/Game.png"},{"name":"GCP.png","url":"https://raw.githubusercontent.com/Koolson/Qure/master/IconSet/Dark/GCP.png"},{"name":"Germany.png","url":"https://raw.githubusercontent.com/Koolson/Qure/master/IconSet/Dark/Germany.png"},{"name":"GIA.png","url":"https://raw.githubusercontent.com/Koolson/Qure/master/IconSet/Dark/GIA.png"},{"name":"GLaDOS.png","url":"https://raw.githubusercontent.com/Koolson/Qure/master/IconSet/Dark/GLaDOS.png"},{"name":"Global.png","url":"https://raw.githubusercontent.com/Koolson/Qure/master/IconSet/Dark/Global.png"},{"name":"GlobalMedia.png","url":"https://raw.githubusercontent.com/Koolson/Qure/master/IconSet/Dark/GlobalMedia.png"},{"name":"Google.png","url":"https://raw.githubusercontent.com/Koolson/Qure/master/IconSet/Dark/Google.png"},{"name":"Google_Drive.png","url":"https://raw.githubusercontent.com/Koolson/Qure/master/IconSet/Dark/Google_Drive.png"},{"name":"Google_Opinion_Rewards.png","url":"https://raw.githubusercontent.com/Koolson/Qure/master/IconSet/Dark/Google_Opinion_Rewards.png"},{"name":"Google_Search.png","url":"https://raw.githubusercontent.com/Koolson/Qure/master/IconSet/Dark/Google_Search.png"},{"name":"GT.png","url":"https://raw.githubusercontent.com/Koolson/Qure/master/IconSet/Dark/GT.png"},{"name":"GuGuEX.png","url":"https://raw.githubusercontent.com/Koolson/Qure/master/IconSet/Dark/GuGuEX.png"},{"name":"GuGuEX_Letter.png","url":"https://raw.githubusercontent.com/Koolson/Qure/master/IconSet/Dark/GuGuEX_Letter.png"},{"name":"HBO.png","url":"https://raw.githubusercontent.com/Koolson/Qure/master/IconSet/Dark/HBO.png"},{"name":"HBO_Max.png","url":"https://raw.githubusercontent.com/Koolson/Qure/master/IconSet/Dark/HBO_Max.png"},{"name":"Heart.png","url":"https://raw.githubusercontent.com/Koolson/Qure/master/IconSet/Dark/Heart.png"},{"name":"Heureka.png","url":"https://raw.githubusercontent.com/Koolson/Qure/master/IconSet/Dark/Heureka.png"},{"name":"HGC.png","url":"https://raw.githubusercontent.com/Koolson/Qure/master/IconSet/Dark/HGC.png"},{"name":"Hijacking.png","url":"https://raw.githubusercontent.com/Koolson/Qure/master/IconSet/Dark/Hijacking.png"},{"name":"HiNet.png","url":"https://raw.githubusercontent.com/Koolson/Qure/master/IconSet/Dark/HiNet.png"},{"name":"hitun.png","url":"https://raw.githubusercontent.com/Koolson/Qure/master/IconSet/Dark/hitun.png"},{"name":"HK.png","url":"https://raw.githubusercontent.com/Koolson/Qure/master/IconSet/Dark/HK.png"},{"name":"HKBN.png","url":"https://raw.githubusercontent.com/Koolson/Qure/master/IconSet/Dark/HKBN.png"},{"name":"HKMTMedia.png","url":"https://raw.githubusercontent.com/Koolson/Qure/master/IconSet/Dark/HKMTMedia.png"},{"name":"HKT.png","url":"https://raw.githubusercontent.com/Koolson/Qure/master/IconSet/Dark/HKT.png"},{"name":"Hong_Kong.png","url":"https://raw.githubusercontent.com/Koolson/Qure/master/IconSet/Dark/Hong_Kong.png"},{"name":"Hulu.png","url":"https://raw.githubusercontent.com/Koolson/Qure/master/IconSet/Dark/Hulu.png"},{"name":"iCloud.png","url":"https://raw.githubusercontent.com/Koolson/Qure/master/IconSet/Dark/iCloud.png"},{"name":"IEPL.png","url":"https://raw.githubusercontent.com/Koolson/Qure/master/IconSet/Dark/IEPL.png"},{"name":"IIJ.png","url":"https://raw.githubusercontent.com/Koolson/Qure/master/IconSet/Dark/IIJ.png"},{"name":"IN.png","url":"https://raw.githubusercontent.com/Koolson/Qure/master/IconSet/Dark/IN.png"},{"name":"Ingress.png","url":"https://raw.githubusercontent.com/Koolson/Qure/master/IconSet/Dark/Ingress.png"},{"name":"Instagram.png","url":"https://raw.githubusercontent.com/Koolson/Qure/master/IconSet/Dark/Instagram.png"},{"name":"IPLC.png","url":"https://raw.githubusercontent.com/Koolson/Qure/master/IconSet/Dark/IPLC.png"},{"name":"iQIYI&bilibili.png","url":"https://raw.githubusercontent.com/Koolson/Qure/master/IconSet/Dark/iQIYI&bilibili.png"},{"name":"iQIYI.png","url":"https://raw.githubusercontent.com/Koolson/Qure/master/IconSet/Dark/iQIYI.png"},{"name":"ITV_Hub.png","url":"https://raw.githubusercontent.com/Koolson/Qure/master/IconSet/Dark/ITV_Hub.png"},{"name":"Japan.png","url":"https://raw.githubusercontent.com/Koolson/Qure/master/IconSet/Dark/Japan.png"},{"name":"JIYOU.png","url":"https://raw.githubusercontent.com/Koolson/Qure/master/IconSet/Dark/JIYOU.png"},{"name":"JOOX.png","url":"https://raw.githubusercontent.com/Koolson/Qure/master/IconSet/Dark/JOOX.png"},{"name":"JOOX_Letter.png","url":"https://raw.githubusercontent.com/Koolson/Qure/master/IconSet/Dark/JOOX_Letter.png"},{"name":"JP.png","url":"https://raw.githubusercontent.com/Koolson/Qure/master/IconSet/Dark/JP.png"},{"name":"KKBOX.png","url":"https://raw.githubusercontent.com/Koolson/Qure/master/IconSet/Dark/KKBOX.png"},{"name":"KKTV.png","url":"https://raw.githubusercontent.com/Koolson/Qure/master/IconSet/Dark/KKTV.png"},{"name":"Korea.png","url":"https://raw.githubusercontent.com/Koolson/Qure/master/IconSet/Dark/Korea.png"},{"name":"KR.png","url":"https://raw.githubusercontent.com/Koolson/Qure/master/IconSet/Dark/KR.png"},{"name":"KT.png","url":"https://raw.githubusercontent.com/Koolson/Qure/master/IconSet/Dark/KT.png"},{"name":"Lab.png","url":"https://raw.githubusercontent.com/Koolson/Qure/master/IconSet/Dark/Lab.png"},{"name":"League_of_Legends.png","url":"https://raw.githubusercontent.com/Koolson/Qure/master/IconSet/Dark/League_of_Legends.png"},{"name":"LineTV.png","url":"https://raw.githubusercontent.com/Koolson/Qure/master/IconSet/Dark/LineTV.png"},{"name":"LineTV_Letter.png","url":"https://raw.githubusercontent.com/Koolson/Qure/master/IconSet/Dark/LineTV_Letter.png"},{"name":"LiTV.png","url":"https://raw.githubusercontent.com/Koolson/Qure/master/IconSet/Dark/LiTV.png"},{"name":"Lock.png","url":"https://raw.githubusercontent.com/Koolson/Qure/master/IconSet/Dark/Lock.png"},{"name":"LOL.png","url":"https://raw.githubusercontent.com/Koolson/Qure/master/IconSet/Dark/LOL.png"},{"name":"Loop.png","url":"https://raw.githubusercontent.com/Koolson/Qure/master/IconSet/Dark/Loop.png"},{"name":"Macao.png","url":"https://raw.githubusercontent.com/Koolson/Qure/master/IconSet/Dark/Macao.png"},{"name":"Magic.png","url":"https://raw.githubusercontent.com/Koolson/Qure/master/IconSet/Dark/Magic.png"},{"name":"Mail.png","url":"https://raw.githubusercontent.com/Koolson/Qure/master/IconSet/Dark/Mail.png"},{"name":"Malaysia.png","url":"https://raw.githubusercontent.com/Koolson/Qure/master/IconSet/Dark/Malaysia.png"},{"name":"MAYING.png","url":"https://raw.githubusercontent.com/Koolson/Qure/master/IconSet/Dark/MAYING.png"},{"name":"Media.png","url":"https://raw.githubusercontent.com/Koolson/Qure/master/IconSet/Dark/Media.png"},{"name":"Microsoft.png","url":"https://raw.githubusercontent.com/Koolson/Qure/master/IconSet/Dark/Microsoft.png"},{"name":"MO.png","url":"https://raw.githubusercontent.com/Koolson/Qure/master/IconSet/Dark/MO.png"},{"name":"Mouse.png","url":"https://raw.githubusercontent.com/Koolson/Qure/master/IconSet/Dark/Mouse.png"},{"name":"Music.png","url":"https://raw.githubusercontent.com/Koolson/Qure/master/IconSet/Dark/Music.png"},{"name":"Music_Enhance.png","url":"https://raw.githubusercontent.com/Koolson/Qure/master/IconSet/Dark/Music_Enhance.png"},{"name":"MY.png","url":"https://raw.githubusercontent.com/Koolson/Qure/master/IconSet/Dark/MY.png"},{"name":"My5.png","url":"https://raw.githubusercontent.com/Koolson/Qure/master/IconSet/Dark/My5.png"},{"name":"myTV_SUPER.png","url":"https://raw.githubusercontent.com/Koolson/Qure/master/IconSet/Dark/myTV_SUPER.png"},{"name":"N3RO.png","url":"https://raw.githubusercontent.com/Koolson/Qure/master/IconSet/Dark/N3RO.png"},{"name":"NBC.png","url":"https://raw.githubusercontent.com/Koolson/Qure/master/IconSet/Dark/NBC.png"},{"name":"Netease_Music.png","url":"https://raw.githubusercontent.com/Koolson/Qure/master/IconSet/Dark/Netease_Music.png"},{"name":"Netease_Music_Unlock.png","url":"https://raw.githubusercontent.com/Koolson/Qure/master/IconSet/Dark/Netease_Music_Unlock.png"},{"name":"Netflix.png","url":"https://raw.githubusercontent.com/Koolson/Qure/master/IconSet/Dark/Netflix.png"},{"name":"Netflix_Letter.png","url":"https://raw.githubusercontent.com/Koolson/Qure/master/IconSet/Dark/Netflix_Letter.png"},{"name":"Nexitally.png","url":"https://raw.githubusercontent.com/Koolson/Qure/master/IconSet/Dark/Nexitally.png"},{"name":"niconico.png","url":"https://raw.githubusercontent.com/Koolson/Qure/master/IconSet/Dark/niconico.png"},{"name":"niconico_Letter.png","url":"https://raw.githubusercontent.com/Koolson/Qure/master/IconSet/Dark/niconico_Letter.png"},{"name":"Notion.png","url":"https://raw.githubusercontent.com/Koolson/Qure/master/IconSet/Dark/Notion.png"},{"name":"NTT.png","url":"https://raw.githubusercontent.com/Koolson/Qure/master/IconSet/Dark/NTT.png"},{"name":"Null_Nation.png","url":"https://raw.githubusercontent.com/Koolson/Qure/master/IconSet/Dark/Null_Nation.png"},{"name":"NyanCat.png","url":"https://raw.githubusercontent.com/Koolson/Qure/master/IconSet/Dark/NyanCat.png"},{"name":"OneDrive.png","url":"https://raw.githubusercontent.com/Koolson/Qure/master/IconSet/Dark/OneDrive.png"},{"name":"Oracle.png","url":"https://raw.githubusercontent.com/Koolson/Qure/master/IconSet/Dark/Oracle.png"},{"name":"Ox.png","url":"https://raw.githubusercontent.com/Koolson/Qure/master/IconSet/Dark/Ox.png"},{"name":"Pandora.png","url":"https://raw.githubusercontent.com/Koolson/Qure/master/IconSet/Dark/Pandora.png"},{"name":"PayPal.png","url":"https://raw.githubusercontent.com/Koolson/Qure/master/IconSet/Dark/PayPal.png"},{"name":"PBS.png","url":"https://raw.githubusercontent.com/Koolson/Qure/master/IconSet/Dark/PBS.png"},{"name":"PCCW.png","url":"https://raw.githubusercontent.com/Koolson/Qure/master/IconSet/Dark/PCCW.png"},{"name":"Peacock.png","url":"https://raw.githubusercontent.com/Koolson/Qure/master/IconSet/Dark/Peacock.png"},{"name":"Peacock_Letter.png","url":"https://raw.githubusercontent.com/Koolson/Qure/master/IconSet/Dark/Peacock_Letter.png"},{"name":"Peacock_P.png","url":"https://raw.githubusercontent.com/Koolson/Qure/master/IconSet/Dark/Peacock_P.png"},{"name":"PH.png","url":"https://raw.githubusercontent.com/Koolson/Qure/master/IconSet/Dark/PH.png"},{"name":"Philippines.png","url":"https://raw.githubusercontent.com/Koolson/Qure/master/IconSet/Dark/Philippines.png"},{"name":"Pig.png","url":"https://raw.githubusercontent.com/Koolson/Qure/master/IconSet/Dark/Pig.png"},{"name":"Pornhub.png","url":"https://raw.githubusercontent.com/Koolson/Qure/master/IconSet/Dark/Pornhub.png"},{"name":"PostBox.png","url":"https://raw.githubusercontent.com/Koolson/Qure/master/IconSet/Dark/PostBox.png"},{"name":"PostBox_Alt.png","url":"https://raw.githubusercontent.com/Koolson/Qure/master/IconSet/Dark/PostBox_Alt.png"},{"name":"Prime_Video.png","url":"https://raw.githubusercontent.com/Koolson/Qure/master/IconSet/Dark/Prime_Video.png"},{"name":"Proxy.png","url":"https://raw.githubusercontent.com/Koolson/Qure/master/IconSet/Dark/Proxy.png"},{"name":"Puzzle.png","url":"https://raw.githubusercontent.com/Koolson/Qure/master/IconSet/Dark/Puzzle.png"},{"name":"QQ.png","url":"https://raw.githubusercontent.com/Koolson/Qure/master/IconSet/Dark/QQ.png"},{"name":"Quantumult_X.png","url":"https://raw.githubusercontent.com/Koolson/Qure/master/IconSet/Dark/Quantumult_X.png"},{"name":"Qure.png","url":"https://raw.githubusercontent.com/Koolson/Qure/master/IconSet/Dark/Qure.png"},{"name":"Reject.png","url":"https://raw.githubusercontent.com/Koolson/Qure/master/IconSet/Dark/Reject.png"},{"name":"rix.png","url":"https://raw.githubusercontent.com/Koolson/Qure/master/IconSet/Dark/rix.png"},{"name":"rixcloud.png","url":"https://raw.githubusercontent.com/Koolson/Qure/master/IconSet/Dark/rixcloud.png"},{"name":"Rocket.png","url":"https://raw.githubusercontent.com/Koolson/Qure/master/IconSet/Dark/Rocket.png"},{"name":"Round_Robin.png","url":"https://raw.githubusercontent.com/Koolson/Qure/master/IconSet/Dark/Round_Robin.png"},{"name":"Round_Robin_Alt.png","url":"https://raw.githubusercontent.com/Koolson/Qure/master/IconSet/Dark/Round_Robin_Alt.png"},{"name":"RU.png","url":"https://raw.githubusercontent.com/Koolson/Qure/master/IconSet/Dark/RU.png"},{"name":"Russia.png","url":"https://raw.githubusercontent.com/Koolson/Qure/master/IconSet/Dark/Russia.png"},{"name":"Server.png","url":"https://raw.githubusercontent.com/Koolson/Qure/master/IconSet/Dark/Server.png"},{"name":"SG.png","url":"https://raw.githubusercontent.com/Koolson/Qure/master/IconSet/Dark/SG.png"},{"name":"Singapore.png","url":"https://raw.githubusercontent.com/Koolson/Qure/master/IconSet/Dark/Singapore.png"},{"name":"Siri.png","url":"https://raw.githubusercontent.com/Koolson/Qure/master/IconSet/Dark/Siri.png"},{"name":"SK.png","url":"https://raw.githubusercontent.com/Koolson/Qure/master/IconSet/Dark/SK.png"},{"name":"Sling_TV.png","url":"https://raw.githubusercontent.com/Koolson/Qure/master/IconSet/Dark/Sling_TV.png"},{"name":"SoftBank.png","url":"https://raw.githubusercontent.com/Koolson/Qure/master/IconSet/Dark/SoftBank.png"},{"name":"SoftBank_Letter.png","url":"https://raw.githubusercontent.com/Koolson/Qure/master/IconSet/Dark/SoftBank_Letter.png"},{"name":"Spark.png","url":"https://raw.githubusercontent.com/Koolson/Qure/master/IconSet/Dark/Spark.png"},{"name":"Speedtest.png","url":"https://raw.githubusercontent.com/Koolson/Qure/master/IconSet/Dark/Speedtest.png"},{"name":"Spotify.png","url":"https://raw.githubusercontent.com/Koolson/Qure/master/IconSet/Dark/Spotify.png"},{"name":"SS.png","url":"https://raw.githubusercontent.com/Koolson/Qure/master/IconSet/Dark/SS.png"},{"name":"SSID.png","url":"https://raw.githubusercontent.com/Koolson/Qure/master/IconSet/Dark/SSID.png"},{"name":"SSID_Alt.png","url":"https://raw.githubusercontent.com/Koolson/Qure/master/IconSet/Dark/SSID_Alt.png"},{"name":"SSR.png","url":"https://raw.githubusercontent.com/Koolson/Qure/master/IconSet/Dark/SSR.png"},{"name":"ssrcloud.png","url":"https://raw.githubusercontent.com/Koolson/Qure/master/IconSet/Dark/ssrcloud.png"},{"name":"SSR_Letter.png","url":"https://raw.githubusercontent.com/Koolson/Qure/master/IconSet/Dark/SSR_Letter.png"},{"name":"SS_Letter.png","url":"https://raw.githubusercontent.com/Koolson/Qure/master/IconSet/Dark/SS_Letter.png"},{"name":"Stack.png","url":"https://raw.githubusercontent.com/Koolson/Qure/master/IconSet/Dark/Stack.png"},{"name":"Star.png","url":"https://raw.githubusercontent.com/Koolson/Qure/master/IconSet/Dark/Star.png"},{"name":"Static.png","url":"https://raw.githubusercontent.com/Koolson/Qure/master/IconSet/Dark/Static.png"},{"name":"Static_Alt.png","url":"https://raw.githubusercontent.com/Koolson/Qure/master/IconSet/Dark/Static_Alt.png"},{"name":"Streaming.png","url":"https://raw.githubusercontent.com/Koolson/Qure/master/IconSet/Dark/Streaming.png"},{"name":"StreamingCN.png","url":"https://raw.githubusercontent.com/Koolson/Qure/master/IconSet/Dark/StreamingCN.png"},{"name":"StreamingSE.png","url":"https://raw.githubusercontent.com/Koolson/Qure/master/IconSet/Dark/StreamingSE.png"},{"name":"Taiwan.png","url":"https://raw.githubusercontent.com/Koolson/Qure/master/IconSet/Dark/Taiwan.png"},{"name":"Taobao.png","url":"https://raw.githubusercontent.com/Koolson/Qure/master/IconSet/Dark/Taobao.png"},{"name":"Telegram.png","url":"https://raw.githubusercontent.com/Koolson/Qure/master/IconSet/Dark/Telegram.png"},{"name":"Telegram_X.png","url":"https://raw.githubusercontent.com/Koolson/Qure/master/IconSet/Dark/Telegram_X.png"},{"name":"Tencent_Cloud.png","url":"https://raw.githubusercontent.com/Koolson/Qure/master/IconSet/Dark/Tencent_Cloud.png"},{"name":"TestFlight.png","url":"https://raw.githubusercontent.com/Koolson/Qure/master/IconSet/Dark/TestFlight.png"},{"name":"TH.png","url":"https://raw.githubusercontent.com/Koolson/Qure/master/IconSet/Dark/TH.png"},{"name":"Thailand.png","url":"https://raw.githubusercontent.com/Koolson/Qure/master/IconSet/Dark/Thailand.png"},{"name":"TIDAL.png","url":"https://raw.githubusercontent.com/Koolson/Qure/master/IconSet/Dark/TIDAL.png"},{"name":"TikTok.png","url":"https://raw.githubusercontent.com/Koolson/Qure/master/IconSet/Dark/TikTok.png"},{"name":"TR.png","url":"https://raw.githubusercontent.com/Koolson/Qure/master/IconSet/Dark/TR.png"},{"name":"Trojan.png","url":"https://raw.githubusercontent.com/Koolson/Qure/master/IconSet/Dark/Trojan.png"},{"name":"Trojan_Letter.png","url":"https://raw.githubusercontent.com/Koolson/Qure/master/IconSet/Dark/Trojan_Letter.png"},{"name":"Turkey.png","url":"https://raw.githubusercontent.com/Koolson/Qure/master/IconSet/Dark/Turkey.png"},{"name":"TVB.png","url":"https://raw.githubusercontent.com/Koolson/Qure/master/IconSet/Dark/TVB.png"},{"name":"TW.png","url":"https://raw.githubusercontent.com/Koolson/Qure/master/IconSet/Dark/TW.png"},{"name":"Twitch.png","url":"https://raw.githubusercontent.com/Koolson/Qure/master/IconSet/Dark/Twitch.png"},{"name":"Twitter.png","url":"https://raw.githubusercontent.com/Koolson/Qure/master/IconSet/Dark/Twitter.png"},{"name":"UK.png","url":"https://raw.githubusercontent.com/Koolson/Qure/master/IconSet/Dark/UK.png"},{"name":"ULB.png","url":"https://raw.githubusercontent.com/Koolson/Qure/master/IconSet/Dark/ULB.png"},{"name":"ULB_Alt.png","url":"https://raw.githubusercontent.com/Koolson/Qure/master/IconSet/Dark/ULB_Alt.png"},{"name":"UN.png","url":"https://raw.githubusercontent.com/Koolson/Qure/master/IconSet/Dark/UN.png"},{"name":"United_Kingdom.png","url":"https://raw.githubusercontent.com/Koolson/Qure/master/IconSet/Dark/United_Kingdom.png"},{"name":"United_Nations.png","url":"https://raw.githubusercontent.com/Koolson/Qure/master/IconSet/Dark/United_Nations.png"},{"name":"United_States.png","url":"https://raw.githubusercontent.com/Koolson/Qure/master/IconSet/Dark/United_States.png"},{"name":"United_States_Map.png","url":"https://raw.githubusercontent.com/Koolson/Qure/master/IconSet/Dark/United_States_Map.png"},{"name":"Unlock.png","url":"https://raw.githubusercontent.com/Koolson/Qure/master/IconSet/Dark/Unlock.png"},{"name":"US.png","url":"https://raw.githubusercontent.com/Koolson/Qure/master/IconSet/Dark/US.png"},{"name":"Vimeo.png","url":"https://raw.githubusercontent.com/Koolson/Qure/master/IconSet/Dark/Vimeo.png"},{"name":"VIP.png","url":"https://raw.githubusercontent.com/Koolson/Qure/master/IconSet/Dark/VIP.png"},{"name":"VirMach.png","url":"https://raw.githubusercontent.com/Koolson/Qure/master/IconSet/Dark/VirMach.png"},{"name":"VirMach_Letter.png","url":"https://raw.githubusercontent.com/Koolson/Qure/master/IconSet/Dark/VirMach_Letter.png"},{"name":"ViuTV.png","url":"https://raw.githubusercontent.com/Koolson/Qure/master/IconSet/Dark/ViuTV.png"},{"name":"VMess.png","url":"https://raw.githubusercontent.com/Koolson/Qure/master/IconSet/Dark/VMess.png"},{"name":"VMess_Letter.png","url":"https://raw.githubusercontent.com/Koolson/Qure/master/IconSet/Dark/VMess_Letter.png"},{"name":"w8ves.png","url":"https://raw.githubusercontent.com/Koolson/Qure/master/IconSet/Dark/w8ves.png"},{"name":"w8ves_Letter.png","url":"https://raw.githubusercontent.com/Koolson/Qure/master/IconSet/Dark/w8ves_Letter.png"},{"name":"Want_Want.png","url":"https://raw.githubusercontent.com/Koolson/Qure/master/IconSet/Dark/Want_Want.png"},{"name":"Want_Want_Letter.png","url":"https://raw.githubusercontent.com/Koolson/Qure/master/IconSet/Dark/Want_Want_Letter.png"},{"name":"WeChat.png","url":"https://raw.githubusercontent.com/Koolson/Qure/master/IconSet/Dark/WeChat.png"},{"name":"WeTV.png","url":"https://raw.githubusercontent.com/Koolson/Qure/master/IconSet/Dark/WeTV.png"},{"name":"WeTV_Letter.png","url":"https://raw.githubusercontent.com/Koolson/Qure/master/IconSet/Dark/WeTV_Letter.png"},{"name":"WiFi.png","url":"https://raw.githubusercontent.com/Koolson/Qure/master/IconSet/Dark/WiFi.png"},{"name":"Windows.png","url":"https://raw.githubusercontent.com/Koolson/Qure/master/IconSet/Dark/Windows.png"},{"name":"WTT.png","url":"https://raw.githubusercontent.com/Koolson/Qure/master/IconSet/Dark/WTT.png"},{"name":"x0.1.png","url":"https://raw.githubusercontent.com/Koolson/Qure/master/IconSet/Dark/x0.1.png"},{"name":"x0.2.png","url":"https://raw.githubusercontent.com/Koolson/Qure/master/IconSet/Dark/x0.2.png"},{"name":"x0.3.png","url":"https://raw.githubusercontent.com/Koolson/Qure/master/IconSet/Dark/x0.3.png"},{"name":"x0.4.png","url":"https://raw.githubusercontent.com/Koolson/Qure/master/IconSet/Dark/x0.4.png"},{"name":"x0.5.png","url":"https://raw.githubusercontent.com/Koolson/Qure/master/IconSet/Dark/x0.5.png"},{"name":"x0.7.png","url":"https://raw.githubusercontent.com/Koolson/Qure/master/IconSet/Dark/x0.7.png"},{"name":"x0.png","url":"https://raw.githubusercontent.com/Koolson/Qure/master/IconSet/Dark/x0.png"},{"name":"x1.0.png","url":"https://raw.githubusercontent.com/Koolson/Qure/master/IconSet/Dark/x1.0.png"},{"name":"x1.png","url":"https://raw.githubusercontent.com/Koolson/Qure/master/IconSet/Dark/x1.png"},{"name":"x2.0.png","url":"https://raw.githubusercontent.com/Koolson/Qure/master/IconSet/Dark/x2.0.png"},{"name":"x2.png","url":"https://raw.githubusercontent.com/Koolson/Qure/master/IconSet/Dark/x2.png"},{"name":"x3.0.png","url":"https://raw.githubusercontent.com/Koolson/Qure/master/IconSet/Dark/x3.0.png"},{"name":"x3.png","url":"https://raw.githubusercontent.com/Koolson/Qure/master/IconSet/Dark/x3.png"},{"name":"x4.0.png","url":"https://raw.githubusercontent.com/Koolson/Qure/master/IconSet/Dark/x4.0.png"},{"name":"x5.0.png","url":"https://raw.githubusercontent.com/Koolson/Qure/master/IconSet/Dark/x5.0.png"},{"name":"Yahoo.png","url":"https://raw.githubusercontent.com/Koolson/Qure/master/IconSet/Dark/Yahoo.png"},{"name":"Yahoo_Letter.png","url":"https://raw.githubusercontent.com/Koolson/Qure/master/IconSet/Dark/Yahoo_Letter.png"},{"name":"YouTube.png","url":"https://raw.githubusercontent.com/Koolson/Qure/master/IconSet/Dark/YouTube.png"},{"name":"YouTube_Letter.png","url":"https://raw.githubusercontent.com/Koolson/Qure/master/IconSet/Dark/YouTube_Letter.png"},{"name":"YouTube_Music.png","url":"https://raw.githubusercontent.com/Koolson/Qure/master/IconSet/Dark/YouTube_Music.png"},{"name":"YoYu.png","url":"https://raw.githubusercontent.com/Koolson/Qure/master/IconSet/Dark/YoYu.png"},{"name":"YoYu_Letter.png","url":"https://raw.githubusercontent.com/Koolson/Qure/master/IconSet/Dark/YoYu_Letter.png"},{"name":"YTOO.png","url":"https://raw.githubusercontent.com/Koolson/Qure/master/IconSet/Dark/YTOO.png"},{"name":"YTOO_Letter.png","url":"https://raw.githubusercontent.com/Koolson/Qure/master/IconSet/Dark/YTOO_Letter.png"}],"description":"Qure Dark (All) 是 Qure 项目下的深色主题的「所有」图标集 @Koolson"}
